,mean radius,mean texture,mean perimeter,mean area,mean smoothness,mean compactness,mean concavity,mean concave points,mean symmetry,mean fractal dimension,radius error,texture error,perimeter error,area error,smoothness error,compactness error,concavity error,concave points error,symmetry error,fractal dimension error,worst radius,worst texture,worst perimeter,worst area,worst smoothness,worst compactness,worst concavity,worst concave points,worst symmetry,worst fractal dimension
0,370,1,455,452,444,531,521,526,416,483,525,169,520,515,277,489,460,400,439,489,425,41,497,516,358,516,520,483,485,506
1,426,186,486,513,120,215,321,396,219,91,424,91,396,450,145,135,177,336,81,309,419,199,465,511,158,210,278,401,222,375
2,406,324,478,487,403,459,478,516,348,184,481,117,458,476,257,455,368,465,343,407,399,261,455,491,287,464,438,468,445,361
3,98,297,164,95,471,533,507,493,426,498,404,278,400,281,451,526,469,450,495,523,215,298,281,194,408,524,511,479,499,533
4,418,60,493,506,332,414,480,492,216,147,484,114,485,477,509,319,471,453,208,446,381,28,453,470,239,245,415,363,81,216
5,159,107,223,200,463,477,440,423,355,470,278,159,246,280,372,406,357,274,328,444,238,206,309,308,394,492,472,380,466,516
6,376,282,445,458,251,333,374,402,207,114,383,109,379,414,64,149,228,236,74,126,387,326,457,475,286,325,394,408,335,328
7,233,313,308,293,446,465,335,362,388,465,440,352,425,407,437,374,248,368,112,456,291,343,343,371,369,419,305,349,373,498
8,192,349,280,243,462,497,469,468,407,459,242,218,282,247,209,423,351,299,321,336,240,395,322,305,380,495,475,432,483,485
9,160,407,238,196,445,524,501,436,339,490,233,417,209,242,341,524,501,365,214,529,224,502,270,295,399,528,536,452,482,534
10,324,391,388,404,82,146,144,259,62,101,326,285,290,368,42,60,77,125,101,255,331,458,381,415,125,151,175,241,293,330
11,322,189,393,399,280,396,350,385,237,210,407,207,408,416,214,457,283,316,287,373,355,320,416,440,255,498,411,390,460,473
12,394,418,484,471,285,526,485,502,413,480,510,515,530,499,6,530,512,505,485,539,363,379,450,447,57,435,384,383,368,462
13,323,403,394,401,107,299,349,337,241,22,345,259,349,355,474,387,446,461,438,252,284,326,347,366,101,219,272,271,245,30
14,234,378,326,294,418,521,490,421,348,473,96,281,215,154,280,508,463,410,274,517,222,429,333,282,368,522,514,451,442,530
15,273,451,358,348,424,458,443,401,403,431,317,236,346,329,194,465,429,255,236,458,302,487,382,385,373,513,517,374,477,524
16,280,287,342,365,306,174,296,332,90,164,395,310,380,389,205,102,198,261,86,112,329,399,379,414,298,211,323,360,322,306
17,328,306,409,405,439,505,460,491,383,455,436,256,424,417,336,323,324,324,183,371,363,411,417,444,393,461,450,434,457,497
18,410,364,478,498,301,310,424,474,86,28,486,226,494,497,287,241,340,384,69,102,439,399,498,529,320,377,473,465,229,202
19,222,61,279,283,294,228,278,316,264,122,196,120,214,239,423,169,244,330,279,147,226,79,291,294,285,190,275,297,303,154
20,196,108,258,244,390,388,212,245,311,394,59,98,75,78,46,243,151,83,179,167,202,113,256,243,203,343,228,142,370,300
21,28,16,27,28,347,138,126,135,222,412,206,203,187,91,470,163,192,362,293,247,22,11,18,21,210,91,98,103,107,234
22,310,59,386,376,388,510,487,482,419,426,379,85,395,385,320,499,488,475,471,391,316,73,386,392,249,507,498,466,486,448
23,436,384,496,519,244,307,367,439,192,15,469,267,448,475,100,127,153,235,11,100,446,475,499,534,257,327,339,423,251,185
24,341,330,417,428,414,434,431,463,325,294,491,166,486,487,246,239,278,269,107,227,436,413,490,524,396,410,445,438,445,426
25,351,133,435,429,445,519,498,523,431,463,521,202,510,495,401,440,363,482,356,508,376,139,454,460,335,439,402,478,471,478
26,274,336,363,338,374,491,414,448,400,418,175,206,227,198,78,379,270,343,100,328,306,446,378,370,327,515,477,486,480,520
27,381,293,454,467,247,323,425,410,156,103,502,452,490,473,498,346,447,455,354,379,367,318,423,452,216,257,370,334,73,175
28,308,432,385,388,395,476,451,446,284,344,380,223,405,378,147,380,353,253,210,246,351,484,444,434,365,510,499,426,468,444
29,362,85,432,441,304,363,347,419,181,235,447,132,461,429,197,375,341,344,258,334,346,86,413,426,168,347,285,326,223,258
30,382,426,461,465,380,494,506,512,386,248,496,378,489,491,265,411,452,280,286,405,392,459,469,486,308,466,495,399,425,439
31,125,229,170,157,409,444,391,328,402,479,400,234,402,371,191,414,392,239,348,463,283,342,371,369,362,502,515,347,491,526
32,347,405,425,426,448,440,508,509,397,305,448,359,429,438,416,381,445,264,312,345,361,433,415,448,361,408,479,398,434,336
33,398,440,469,480,239,478,447,408,245,271,432,43,406,439,128,405,349,211,137,350,408,400,472,500,319,514,493,388,449,495
34,328,188,406,409,363,453,405,411,326,340,275,78,241,348,55,361,269,180,190,343,350,318,408,433,288,503,468,402,481,513
35,343,341,418,422,269,417,404,363,269,86,389,178,359,387,215,322,359,292,424,202,346,362,412,428,346,427,476,391,493,352
36,259,345,327,330,300,335,399,347,264,224,215,228,325,256,228,372,434,281,294,361,256,386,364,332,288,462,466,323,441,458
37,194,216,224,246,184,17,104,225,42,141,55,497,33,69,67,8,104,283,404,68,136,178,142,168,30,3,48,63,16,24
38,295,429,346,374,238,64,95,224,79,46,531,488,518,492,327,85,167,456,0,63,220,246,252,284,19,7,24,23,0,0
39,217,312,291,276,343,385,362,341,168,316,97,41,116,141,161,292,308,307,77,268,243,276,326,306,356,460,461,459,244,484
40,213,340,265,280,79,116,136,127,202,68,144,134,125,185,11,90,110,97,78,10,257,383,305,329,80,242,249,270,308,136
41,73,328,96,82,454,377,360,352,268,403,139,366,172,110,404,219,257,234,70,254,110,473,175,135,406,337,417,319,297,429
42,391,419,472,469,202,513,489,485,404,298,514,429,523,490,296,538,518,492,492,513,407,445,491,482,164,520,521,472,487,471
43,206,295,276,264,364,429,346,369,315,393,318,133,285,322,135,279,223,207,197,279,300,337,350,374,330,420,387,335,458,465
44,201,348,256,253,281,317,313,331,186,242,72,45,60,75,15,151,119,95,16,59,265,378,318,307,317,436,389,359,454,431
45,383,179,459,463,404,475,478,488,275,197,455,67,447,448,269,454,467,421,374,311,386,135,448,469,374,489,522,464,461,396
46,4,146,4,4,134,108,54,19,192,338,24,195,19,4,443,201,136,58,390,190,3,156,4,3,194,117,68,16,348,173
47,201,227,263,254,432,381,392,400,372,392,219,162,184,245,292,306,294,297,203,323,248,333,306,316,392,453,458,435,464,504
48,137,66,172,169,354,270,274,200,143,194,191,90,176,169,178,161,235,51,93,166,162,119,207,205,310,261,331,118,220,319
49,218,368,271,277,153,204,221,265,216,110,133,343,157,177,79,149,212,288,171,90,228,423,283,284,115,180,266,295,272,100
50,122,342,130,144,136,55,57,44,49,150,350,299,321,294,225,66,87,118,371,66,115,266,125,140,75,46,55,35,96,53
51,227,130,275,287,36,118,65,91,13,171,62,183,89,76,81,107,74,134,60,184,206,193,255,258,78,156,118,199,75,276
52,131,208,142,155,85,51,68,64,253,219,124,52,108,118,346,39,99,138,283,200,122,136,131,151,110,50,102,105,237,172
53,375,229,447,457,427,438,462,495,357,283,498,414,471,482,37,368,286,192,405,448,358,214,414,446,182,283,299,302,320,266
54,301,358,361,380,195,170,235,261,107,98,245,140,222,309,96,73,138,192,13,42,317,419,367,401,248,247,309,344,189,252
55,106,230,109,125,260,87,133,154,281,158,263,196,241,237,419,47,106,166,455,163,110,172,113,126,165,47,100,106,406,119
56,397,222,462,477,373,387,401,458,280,174,477,288,469,486,283,301,297,387,234,195,434,343,484,523,359,403,405,437,435,318
57,282,341,347,346,423,423,397,424,338,388,364,274,332,367,27,359,253,313,223,370,313,394,362,394,237,467,380,395,456,491
58,195,253,224,249,68,19,1,9,225,44,346,301,314,332,368,45,1,20,334,251,186,165,209,238,50,15,1,4,101,31
59,9,8,7,9,289,75,77,26,146,440,23,38,14,5,484,78,191,53,308,225,10,7,8,10,384,103,133,48,383,383
60,49,77,47,50,421,224,34,59,429,421,411,372,391,343,373,89,44,144,481,477,43,44,40,46,178,65,21,17,437,273
61,8,316,10,8,458,267,132,35,230,387,306,480,295,137,514,389,302,195,460,256,11,311,10,9,363,178,99,19,300,224
62,259,364,355,339,371,504,492,441,301,451,473,316,483,428,462,523,494,447,189,484,307,374,370,387,364,512,513,388,261,496
63,19,47,18,21,38,260,261,147,406,422,352,493,317,238,435,451,401,392,482,469,19,77,21,20,33,175,165,65,400,339
64,170,399,227,219,415,386,375,394,274,359,367,282,352,354,383,336,299,320,167,320,292,451,346,368,398,445,418,375,416,467
65,285,402,362,354,440,436,395,459,303,373,305,319,286,350,310,302,233,288,251,273,297,450,360,379,366,395,330,362,410,376
66,27,319,25,24,367,206,80,78,166,410,136,476,140,70,494,217,152,199,350,382,25,413,26,27,338,172,105,115,274,402
67,91,243,95,105,76,48,166,149,58,91,202,188,175,131,457,58,207,175,331,120,86,207,85,96,189,54,170,132,90,65
68,17,168,16,19,382,427,523,303,365,486,266,289,181,122,468,532,531,501,483,526,24,173,20,23,306,469,538,381,478,502
69,176,135,208,221,301,70,164,216,94,85,141,153,92,136,394,11,135,165,344,86,145,97,156,184,193,26,113,91,87,37
70,388,327,458,472,188,311,364,418,86,38,489,123,487,479,75,204,230,351,79,53,418,302,479,504,131,290,306,389,144,56
71,14,67,16,14,296,446,319,219,272,494,419,146,377,264,540,535,470,434,383,542,14,12,12,12,138,305,169,57,50,489
72,353,413,428,435,386,487,455,416,285,334,443,239,414,443,219,504,394,268,131,492,396,457,449,488,351,519,505,405,408,523
73,239,111,311,299,336,392,301,325,135,349,208,47,196,236,99,269,157,190,35,265,279,124,341,342,264,405,311,312,157,466
74,151,136,191,194,212,159,150,153,168,161,164,231,159,166,111,233,168,135,79,148,179,194,206,228,122,205,203,202,170,198
75,326,269,396,414,211,243,343,389,209,27,482,225,475,456,499,287,350,439,140,88,340,226,397,424,315,243,315,340,180,36
76,221,6,284,276,465,317,286,381,415,371,353,224,324,330,526,357,84,147,389,486,176,1,217,223,291,121,92,145,205,141
77,373,123,446,453,381,511,452,497,378,378,513,32,498,510,392,506,423,467,392,503,378,69,446,476,304,499,395,439,459,492
78,415,404,506,495,464,536,533,534,430,489,508,456,521,500,491,521,523,489,497,479,398,421,485,477,363,511,525,474,496,450
79,181,194,235,225,319,284,178,160,167,183,192,264,164,181,152,206,208,142,205,234,187,234,223,234,188,260,205,159,234,257
80,100,315,117,112,407,278,213,150,237,423,264,487,219,251,490,213,255,121,222,357,123,434,144,150,342,174,208,98,226,371
81,208,114,268,244,393,447,383,395,295,411,215,225,114,49,321,424,380,353,318,412,243,193,261,229,333,483,452,373,433,459
82,451,421,517,534,379,528,528,538,231,393,505,382,512,503,411,505,472,462,9,475,448,454,509,533,347,509,503,489,78,476
83,392,439,474,473,450,483,475,525,119,442,413,512,492,433,375,511,218,445,442,530,352,439,427,439,251,349,279,397,67,398
84,134,102,158,162,283,172,192,105,350,176,123,313,84,97,237,230,200,105,277,194,157,237,183,195,241,234,265,151,414,260
85,379,220,450,462,308,319,403,449,375,191,472,383,466,457,285,203,284,361,366,337,388,327,453,474,256,251,340,365,455,350
86,270,333,333,341,248,297,390,323,349,78,358,490,390,361,460,370,459,432,372,276,263,368,330,337,200,229,359,290,319,92
87,390,415,453,463,189,375,422,426,303,76,428,68,365,420,35,236,361,295,276,283,417,390,456,477,165,382,483,411,465,411
88,154,347,194,188,157,279,263,282,288,311,234,394,243,195,339,321,272,322,271,399,166,392,219,198,199,308,280,286,300,409
89,279,91,348,343,419,418,351,399,367,300,410,92,422,375,181,470,408,407,373,433,270,60,335,333,180,370,297,313,359,335
90,278,406,339,350,183,257,135,232,147,143,322,266,257,340,113,232,78,161,305,238,261,364,307,334,92,189,101,131,133,151
91,311,381,378,386,215,313,372,405,166,215,249,142,217,306,479,316,414,433,379,119,275,272,328,352,170,232,316,331,147,89
92,205,73,249,269,18,61,141,192,21,19,349,276,330,353,82,75,107,252,10,21,272,167,314,351,43,102,154,243,19,27
93,214,210,269,272,346,230,180,205,122,108,228,349,223,263,230,177,180,200,247,78,225,273,269,285,217,186,161,158,192,60
94,299,276,379,377,362,449,459,451,247,277,398,199,415,394,456,433,436,448,119,307,320,217,380,400,340,459,467,443,257,309
95,417,383,484,500,201,407,420,443,359,83,485,398,457,467,242,420,393,311,400,393,410,414,461,496,129,404,422,355,452,328
96,142,187,166,171,368,167,98,229,271,368,313,400,284,248,170,108,80,383,341,296,109,126,117,121,107,55,50,91,43,167
97,41,279,37,42,347,77,21,28,12,406,279,478,233,176,505,170,24,38,219,463,40,286,34,43,207,57,19,14,14,380
98,109,20,126,129,184,190,194,263,111,357,128,28,93,92,258,137,150,98,173,184,119,39,124,132,279,207,233,193,231,360
99,266,274,337,335,289,355,336,356,260,306,223,453,277,277,400,363,333,363,103,398,269,398,336,346,279,365,345,353,207,416
100,225,422,285,298,253,249,320,308,103,144,388,323,343,376,227,175,267,220,104,154,288,472,332,372,174,223,343,283,181,170
101,0,40,0,0,439,194,0,0,288,481,118,397,118,17,487,84,0,0,401,369,0,87,0,0,350,96,0,0,288,418
102,142,299,159,177,62,25,94,94,181,96,69,411,36,79,136,17,72,92,97,30,140,441,145,173,97,49,130,146,201,94
103,43,259,44,44,334,288,265,237,298,289,47,305,111,33,448,284,305,264,160,316,35,304,57,40,344,284,301,233,171,339
104,58,252,63,63,326,255,131,52,393,333,302,404,262,231,379,290,291,162,412,302,61,196,67,64,146,138,83,27,253,187
105,197,99,275,251,470,481,486,476,283,474,335,184,284,344,343,365,461,355,139,504,268,168,323,347,401,449,500,420,358,528
106,113,212,134,128,426,304,289,270,212,341,240,428,237,187,427,302,297,358,146,344,126,369,154,146,376,333,319,288,243,390
107,154,221,189,190,121,158,110,115,101,202,6,163,3,10,18,77,86,46,41,15,135,323,155,164,127,226,238,192,305,139
108,443,271,511,525,467,529,535,537,423,427,532,406,528,520,289,533,522,486,446,442,445,338,507,527,379,517,535,491,470,440
109,94,325,100,108,155,141,232,112,47,342,134,210,130,101,452,187,246,79,147,175,116,365,136,142,378,269,337,180,255,369
110,40,151,38,39,360,241,202,97,88,428,344,364,333,223,529,367,277,229,458,418,44,141,52,45,300,188,150,70,138,333
111,167,310,217,204,318,376,363,364,179,430,290,448,331,183,524,456,448,479,322,474,139,258,200,152,186,277,258,268,42,337
112,260,269,367,328,45,516,522,414,159,477,309,391,397,304,154,525,528,478,387,540,232,205,324,293,9,457,508,336,89,488
113,59,289,68,61,415,402,271,239,282,478,274,454,210,171,512,438,417,388,352,497,49,176,59,47,196,244,149,99,87,383
114,11,113,12,11,429,232,191,116,128,471,31,39,68,8,414,289,329,237,192,341,12,90,17,12,382,294,283,255,285,460
115,130,336,152,156,291,213,145,124,149,247,248,182,206,254,385,325,171,130,47,346,157,280,180,206,315,299,179,140,100,345
116,15,110,15,16,250,383,331,159,6,439,250,204,388,109,542,520,515,480,368,461,7,37,15,8,124,212,183,37,4,225
117,289,140,372,364,434,466,454,456,379,391,368,191,357,372,334,330,303,312,158,348,327,322,392,410,403,474,446,427,438,481
118,322,382,400,400,431,480,491,473,360,454,430,255,410,424,431,453,479,356,118,478,349,392,405,435,400,486,523,428,397,518
119,369,283,428,445,108,153,294,346,373,2,429,301,393,415,41,40,231,215,489,85,357,330,400,433,69,96,262,284,494,19
120,97,3,109,117,234,149,155,187,138,220,13,10,22,21,245,184,128,81,65,129,108,17,133,131,338,297,252,209,317,343
121,384,157,452,464,374,337,418,442,310,253,475,412,472,470,407,274,335,402,298,406,376,237,437,468,317,282,354,371,279,331
122,449,290,516,532,472,534,536,541,427,404,537,514,527,525,545,537,527,442,487,528,433,210,495,520,377,463,484,456,384,271
123,271,4,334,333,406,336,325,354,248,309,226,150,189,243,33,131,292,295,254,228,249,18,306,310,204,192,292,289,278,270
124,209,132,264,271,13,184,309,210,30,132,29,270,44,77,234,402,440,235,31,366,188,176,225,244,51,317,356,210,20,208
125,242,162,292,304,158,121,46,47,105,151,106,148,101,128,91,56,56,24,40,56,240,202,294,299,114,115,87,67,81,138
126,225,417,281,289,222,214,238,242,189,228,127,220,162,168,45,106,161,96,59,25,286,477,351,357,301,354,399,303,428,256
127,389,239,457,474,83,223,332,351,299,3,468,339,481,459,74,347,387,345,295,205,377,267,442,466,50,279,348,288,259,50
128,301,132,376,359,429,486,377,435,327,329,370,253,337,365,445,462,326,476,363,439,261,63,320,319,246,353,242,318,158,235
129,408,427,479,485,342,457,513,505,391,220,403,292,336,430,131,392,430,238,150,273,382,453,443,471,178,432,480,378,405,332
130,143,36,190,174,382,283,121,223,261,331,77,130,201,84,319,318,65,141,402,372,140,52,218,167,276,326,110,171,427,407
131,312,261,382,393,401,378,421,422,289,128,396,116,370,396,264,173,285,257,85,171,333,275,384,417,336,298,397,338,258,272
132,330,337,402,410,337,394,359,350,380,152,374,315,342,380,115,250,226,193,133,159,336,418,402,419,254,368,327,300,429,204
133,319,49,383,396,250,281,292,358,223,111,247,129,200,289,144,182,147,310,174,152,303,78,359,378,150,224,204,310,209,127
134,378,354,446,462,245,289,380,392,152,112,445,294,418,440,239,160,290,185,116,128,380,408,438,472,299,280,411,311,350,199
135,175,373,210,225,194,98,219,196,89,201,140,353,90,169,369,112,236,174,172,199,201,449,227,257,272,145,256,223,255,280
136,119,140,130,140,372,120,160,186,9,168,384,501,384,341,297,148,268,328,71,327,139,259,160,171,176,74,114,133,5,164
137,99,93,105,111,270,161,154,220,178,142,42,213,28,44,139,183,116,160,122,36,85,159,102,95,129,169,166,194,190,75
138,292,178,359,361,437,404,433,438,306,255,535,373,519,485,482,418,489,497,491,237,324,140,376,389,264,263,360,369,422,137
139,88,39,103,93,435,351,215,317,194,206,284,340,177,270,507,422,224,458,151,300,70,14,79,75,236,202,96,201,24,82
140,37,10,31,35,221,29,0,0,273,317,75,20,43,39,245,12,0,0,349,272,31,3,24,30,156,30,0,0,348,293
141,327,197,399,411,282,352,337,360,251,267,474,336,455,450,318,249,313,284,243,299,344,251,398,429,205,274,312,287,240,294
142,99,167,113,110,401,282,74,104,124,348,214,460,193,201,306,215,83,205,351,308,105,303,119,124,266,194,79,110,156,284
143,185,117,237,234,144,283,227,243,197,264,102,108,149,104,156,191,127,124,313,83,200,152,265,253,203,320,250,245,436,287
144,65,82,66,71,42,65,84,27,25,99,168,309,167,124,295,223,201,48,175,155,73,120,82,85,71,98,108,31,62,77
145,129,68,174,152,430,398,167,235,325,482,339,61,362,257,486,482,282,262,447,525,127,27,162,130,273,315,106,96,211,470
146,123,138,188,149,400,477,448,404,428,458,259,365,258,253,169,427,422,445,494,417,160,291,224,214,245,447,438,403,498,466
147,292,231,368,371,75,365,327,274,185,336,362,461,387,364,217,487,457,385,459,524,266,258,325,339,38,316,287,189,266,404
148,267,89,330,332,324,306,317,342,172,209,147,94,231,200,204,298,319,378,100,180,255,99,332,321,207,339,335,358,200,217
149,235,190,288,301,53,136,122,61,44,64,163,99,126,203,3,196,159,54,61,98,234,171,266,299,31,203,188,95,77,115
150,192,311,236,242,422,195,138,190,421,212,356,332,344,346,335,99,185,278,436,31,181,213,213,230,194,84,86,105,373,40
151,5,307,5,5,240,404,400,144,394,491,71,472,49,20,518,501,502,228,357,535,5,376,5,5,360,468,474,155,411,532
152,36,92,43,45,387,459,534,415,422,495,495,507,434,405,503,536,532,506,470,544,43,85,46,53,190,342,528,354,349,519
153,81,27,84,91,290,63,70,100,232,218,120,115,80,89,446,52,90,146,369,39,75,21,75,84,219,51,70,73,269,79
154,199,92,255,260,237,245,334,269,227,251,197,121,171,221,430,261,307,206,422,304,209,114,272,269,304,278,328,231,463,352
155,148,193,176,178,138,148,176,162,312,260,111,205,97,102,184,190,196,133,218,177,150,248,166,190,144,192,239,173,352,289
156,364,309,438,442,411,469,467,494,313,239,492,360,488,474,447,491,454,444,212,437,356,244,410,441,271,402,379,339,113,229
157,345,260,411,423,24,177,233,204,238,14,399,479,404,393,17,338,311,262,127,27,319,341,373,403,5,179,225,191,136,11
158,138,18,156,168,229,71,68,120,94,158,53,89,34,57,186,67,50,67,104,181,126,65,137,157,178,100,94,135,131,255
159,70,24,69,80,29,14,12,23,34,115,212,100,168,142,256,18,9,13,168,202,88,58,86,100,119,40,17,39,216,218
160,121,288,145,135,399,355,284,281,324,324,406,435,428,359,463,310,391,277,462,443,138,284,199,163,231,217,241,157,364,266
161,396,118,464,479,148,369,388,478,182,6,517,54,502,502,461,379,402,496,451,289,375,52,441,464,98,238,264,387,102,28
162,404,202,481,490,413,470,512,518,338,210,479,245,467,480,44,296,386,326,182,280,438,292,488,526,284,430,509,455,447,406
163,153,365,196,186,340,303,240,211,73,389,227,427,195,204,508,391,321,272,245,455,149,354,177,181,292,291,201,172,54,389
164,446,359,510,530,112,357,402,479,212,60,465,148,459,481,116,328,288,407,270,333,442,345,496,530,154,411,410,462,439,397
165,294,273,345,372,110,82,67,117,57,13,56,250,55,104,25,30,49,77,257,28,258,271,304,326,60,67,80,85,179,17
166,66,0,70,72,267,96,101,89,19,307,37,5,27,28,387,68,76,41,42,116,62,0,64,71,283,109,115,52,22,222
167,344,232,414,424,169,273,315,382,267,55,446,358,440,434,253,320,263,403,309,305,347,287,406,432,117,259,271,330,246,146
168,360,416,436,446,371,460,494,492,66,302,524,363,511,504,259,428,420,395,21,447,391,437,460,485,240,426,453,376,31,412
169,294,150,353,367,305,217,107,284,199,84,199,303,182,246,136,143,41,181,67,55,261,185,315,331,143,166,66,195,91,38
170,152,15,186,184,351,165,181,276,307,172,138,69,143,117,403,109,148,301,257,135,146,9,172,174,245,110,143,224,254,78
171,212,268,261,281,193,130,255,268,99,93,393,273,373,377,240,79,220,203,127,82,315,377,365,397,257,149,301,280,277,166
172,312,9,386,389,461,450,483,500,310,429,360,64,338,383,164,304,399,332,216,375,326,36,385,411,331,411,487,394,381,456
173,78,71,77,84,335,97,91,184,80,375,86,449,74,150,534,277,120,399,443,428,56,29,56,63,143,39,37,47,11,160
174,63,88,64,70,160,35,0,0,286,177,271,467,237,211,432,72,0,0,457,3,61,76,61,67,71,23,0,0,205,22
175,10,64,8,10,207,34,0,0,170,384,112,118,81,27,453,31,0,0,413,294,6,36,6,6,115,25,0,0,159,247
176,44,198,48,46,279,397,398,278,140,488,371,492,372,285,521,534,526,484,477,541,54,222,60,58,197,359,373,240,168,500
177,338,286,414,417,301,451,464,453,207,290,239,320,292,323,301,459,459,440,181,410,311,349,380,393,268,479,488,429,328,424
178,193,365,215,248,1,0,7,1,24,10,38,271,20,71,16,0,7,1,162,2,173,362,189,226,1,1,8,2,60,5
179,178,26,206,231,150,18,29,62,41,230,222,211,164,207,426,20,33,116,9,287,154,19,169,196,115,11,27,41,6,161
180,453,351,519,536,402,496,519,539,211,125,500,388,493,506,94,326,316,301,149,215,454,442,511,540,302,442,470,485,268,282
181,434,441,504,510,425,532,511,528,412,460,456,102,453,460,60,483,372,394,217,453,437,452,489,522,308,521,507,490,474,521
182,318,296,381,397,268,261,275,329,109,59,316,274,282,370,93,294,187,213,139,168,348,440,401,434,267,406,320,346,424,351
183,97,78,111,113,197,229,267,165,1,256,277,265,185,220,358,436,477,423,328,427,89,49,91,97,96,158,198,105,7,177
184,307,371,375,378,196,318,241,255,174,287,83,18,64,162,12,155,158,59,25,188,312,339,355,390,197,388,383,291,367,438
185,47,87,42,52,225,47,8,2,158,196,365,316,328,271,531,111,8,3,382,303,68,133,71,79,325,72,6,3,289,220
186,377,223,442,459,132,244,310,355,112,32,183,13,170,300,4,57,114,90,10,5,367,289,420,454,156,307,377,354,377,103
187,119,160,129,136,293,122,172,252,58,214,156,104,160,127,328,46,190,289,249,47,116,138,141,145,209,75,181,267,152,131
188,124,171,137,146,336,89,89,82,167,126,61,468,11,74,388,48,133,65,448,101,97,297,96,116,229,68,97,47,375,54
189,150,115,185,183,69,180,173,86,138,40,143,141,148,135,238,288,217,78,292,60,141,89,167,171,82,170,168,59,121,33
190,258,387,336,321,390,525,481,387,411,467,215,484,228,324,396,540,525,417,490,534,250,490,323,318,332,526,530,384,495,531
191,175,331,216,227,152,142,137,216,153,279,478,441,476,413,88,224,222,431,461,472,161,200,202,201,20,52,51,56,35,93
192,35,207,28,34,8,1,0,0,131,322,301,518,250,206,0,21,0,0,476,51,17,123,11,19,0,0,0,0,12,52
193,153,445,204,202,357,421,365,312,296,419,348,450,322,342,450,441,366,333,244,464,246,499,301,323,391,480,435,327,380,511
194,288,389,380,357,367,501,457,454,180,377,209,197,409,262,406,495,465,452,385,388,260,328,369,328,207,477,439,377,310,356
195,186,129,222,240,52,84,174,167,231,91,73,171,100,92,154,195,234,154,235,121,169,158,212,221,83,139,210,177,321,104
196,237,367,312,305,449,387,411,378,235,404,452,485,473,403,528,407,424,466,408,387,273,459,345,335,385,374,400,370,344,414
197,374,350,438,455,19,258,368,354,193,23,458,326,449,453,187,498,482,367,320,441,339,231,399,427,7,226,290,217,82,51
198,395,374,467,476,128,428,370,391,191,53,376,256,423,418,185,429,273,298,89,293,397,431,481,489,208,497,404,373,372,405
199,268,292,338,336,307,375,385,361,302,328,88,60,88,161,43,197,199,110,128,98,321,381,368,405,341,443,457,396,490,457
200,147,264,180,179,264,226,193,295,318,187,299,334,264,282,373,222,112,275,124,284,198,347,229,250,278,241,160,262,188,295
201,361,254,433,440,182,372,358,406,53,43,340,136,368,369,250,331,274,340,156,201,355,272,421,431,243,396,374,409,286,251
202,447,443,514,529,425,507,531,535,390,261,431,409,462,462,458,494,513,485,330,449,421,438,490,513,333,454,527,487,374,362
203,240,396,318,312,466,482,437,464,399,464,434,469,427,411,438,385,317,321,284,402,332,505,395,416,410,491,443,424,484,490
204,161,225,203,206,322,321,305,287,283,304,338,241,297,314,330,246,271,234,213,317,218,230,254,270,275,296,303,246,316,359
205,302,141,374,382,173,286,298,292,97,182,198,1,202,272,176,247,203,148,129,236,310,107,367,396,308,390,357,293,423,437
206,43,165,39,43,399,178,60,119,290,278,100,339,107,41,473,123,48,123,339,173,26,195,27,28,268,104,60,79,306,168
207,346,294,415,427,157,183,288,339,337,9,441,147,437,441,132,180,183,267,355,189,341,241,404,421,91,138,236,266,398,43
208,197,376,272,250,331,437,322,327,243,452,70,180,99,83,148,376,251,150,381,377,204,366,289,252,224,471,342,273,475,486
209,306,23,370,385,80,127,257,249,14,52,98,2,109,174,63,120,173,115,1,44,300,16,354,383,149,267,326,251,68,183
210,427,363,491,504,204,420,444,475,190,1,503,387,503,496,409,426,462,494,452,157,395,331,464,483,123,355,403,406,282,6
211,125,240,140,145,170,162,111,69,63,199,116,151,86,112,183,214,204,91,163,242,136,238,153,170,182,213,176,129,140,267
212,455,218,521,537,426,444,527,533,127,51,539,384,532,526,527,350,486,360,488,400,443,68,500,532,108,143,346,357,3,2
213,358,436,430,439,335,358,450,383,7,143,420,430,419,423,546,531,529,504,330,538,316,341,374,399,161,195,313,267,2,86
214,256,398,325,322,251,405,371,375,395,319,359,451,407,318,500,431,358,409,486,425,285,469,361,341,344,444,390,384,489,464
215,243,148,313,295,349,445,348,348,362,417,178,289,191,218,236,415,374,366,263,405,251,307,313,314,295,470,442,366,446,478
216,128,213,162,150,233,361,276,247,311,285,232,410,221,202,440,463,478,437,425,426,133,313,161,156,259,367,314,276,419,327
217,51,174,50,54,67,106,252,39,309,286,304,465,333,221,97,386,474,248,386,413,59,223,72,65,26,124,234,33,271,242
218,409,338,476,493,236,405,396,444,358,65,509,284,501,505,322,390,344,423,249,364,430,352,485,514,227,384,382,392,339,312
219,402,475,470,492,109,348,378,388,32,18,480,331,465,494,189,335,269,251,62,137,441,508,494,531,262,448,414,363,206,188
220,228,31,283,284,271,259,177,183,15,299,91,8,76,116,52,211,146,88,75,213,234,22,292,289,202,310,209,166,85,357
221,223,48,295,278,372,371,302,307,308,281,179,22,207,197,224,303,252,152,230,241,219,38,297,276,240,337,295,212,336,297
222,50,176,51,51,377,248,62,113,278,414,158,303,136,81,391,156,53,127,397,339,50,180,54,49,260,130,65,78,329,365
223,321,293,387,395,348,374,379,375,291,281,295,179,253,327,106,309,243,163,211,266,337,385,388,409,341,474,412,332,467,480
224,205,153,248,267,113,57,158,177,50,95,225,160,211,252,243,91,229,177,111,178,227,203,280,292,179,113,213,230,128,205
225,263,42,322,334,315,197,251,314,349,36,416,127,417,395,338,162,241,318,347,24,282,31,342,365,194,146,197,263,334,16
226,56,95,58,59,373,205,20,53,203,323,67,167,41,34,288,33,14,28,123,231,60,98,63,62,219,92,26,49,169,313
227,296,98,364,365,102,334,272,283,262,158,129,21,256,170,49,395,355,279,82,269,274,82,358,336,104,416,365,311,294,326
228,166,404,207,217,49,191,244,128,56,189,155,251,87,140,141,297,304,168,72,295,185,406,210,237,153,399,407,281,253,428
229,179,369,254,222,398,484,456,393,369,447,241,254,254,259,333,443,425,380,180,462,229,382,317,288,388,494,497,416,420,515
230,348,245,427,425,425,456,472,499,374,291,231,75,236,325,188,258,310,354,27,153,338,236,412,420,380,438,459,477,350,386
231,92,449,93,106,6,20,55,5,254,75,7,161,16,6,26,202,144,6,135,107,78,455,101,88,12,129,124,10,264,130
232,84,477,83,97,41,11,16,22,239,134,117,425,98,88,68,22,16,10,255,182,88,504,89,101,40,24,23,24,283,159
233,424,453,490,511,210,328,436,428,35,69,417,286,419,445,129,268,346,256,52,237,415,491,475,505,150,340,424,351,99,324
234,29,116,26,30,117,28,56,87,73,310,104,138,42,43,511,76,89,210,367,313,28,75,22,29,318,58,73,139,224,298
235,251,324,306,318,198,164,48,111,59,135,185,395,142,212,361,150,42,223,43,243,233,384,277,296,186,142,61,162,42,203
236,445,446,512,527,257,474,477,510,277,282,522,198,509,516,279,360,411,424,153,257,452,466,506,538,305,452,486,480,347,355
237,423,333,485,508,98,239,326,365,42,7,467,239,477,463,393,388,396,419,64,354,410,281,473,496,154,285,341,322,46,135
238,258,454,323,326,84,315,368,305,10,227,280,496,224,310,271,358,370,227,28,318,251,501,305,320,73,302,332,175,9,238
239,359,478,427,431,298,400,413,450,216,175,421,148,358,400,112,351,258,352,37,219,379,507,426,453,235,422,353,433,267,341
240,227,100,277,291,241,144,218,279,166,88,262,66,205,280,284,122,166,259,250,72,213,72,241,272,181,111,182,219,137,47
241,157,84,182,198,50,6,31,42,70,119,2,74,0,9,9,9,35,16,198,16,131,110,134,162,57,37,62,43,280,81
242,90,206,120,101,266,413,435,215,345,472,150,424,276,100,305,507,511,329,282,521,98,334,174,104,223,485,524,288,407,522
243,236,397,294,306,64,157,217,164,195,33,375,248,341,366,66,339,337,225,394,259,221,288,276,288,17,131,155,97,185,34
244,399,394,474,478,350,452,484,455,317,185,418,447,432,427,496,400,376,391,332,355,372,393,435,455,297,362,371,352,284,201
245,57,277,59,64,385,111,225,240,180,321,320,504,298,232,539,152,179,271,467,314,59,373,65,64,322,73,134,124,276,231
246,202,172,243,261,14,42,203,41,47,77,28,418,4,61,266,193,314,42,275,136,172,329,190,222,84,141,267,61,228,142
247,184,56,251,234,156,419,409,291,98,313,79,9,279,99,180,503,509,351,44,510,194,49,316,251,167,504,526,350,176,503
248,62,430,65,69,272,179,93,84,270,293,161,393,102,104,345,74,75,66,325,197,83,471,84,90,314,125,128,99,421,292
249,106,79,118,120,341,210,201,227,263,240,177,237,147,144,304,118,216,224,178,223,101,134,105,118,248,156,216,228,186,242
250,433,395,499,516,336,461,516,519,392,156,518,131,499,511,150,447,517,449,370,440,427,309,478,515,140,381,516,440,354,248
251,104,217,107,122,231,113,109,132,235,165,337,144,329,278,275,80,91,188,353,23,114,171,127,129,126,77,85,117,217,45
252,407,275,481,488,378,490,508,481,177,382,488,112,438,472,424,493,493,460,106,505,422,263,466,508,381,508,531,473,221,522
253,356,156,426,432,337,316,394,429,220,73,244,149,242,338,105,180,236,307,84,156,343,243,407,423,269,300,362,400,356,285
254,401,255,465,482,358,370,410,437,196,81,445,55,421,447,95,228,279,309,72,183,429,227,476,512,312,378,432,422,414,377
255,248,154,317,316,403,391,344,330,276,228,366,126,305,351,272,343,320,338,301,208,273,162,329,345,320,387,349,310,338,264
256,403,464,487,489,223,506,463,504,267,262,501,292,506,493,273,484,371,383,261,451,420,481,492,507,183,493,429,410,249,453
257,309,165,391,381,468,520,510,511,414,468,464,249,433,425,485,475,443,468,247,520,309,174,372,381,386,476,436,454,392,507
258,317,388,419,398,409,535,525,521,418,487,534,499,529,512,517,510,510,500,360,482,343,416,434,425,318,490,496,470,399,461
259,315,476,394,391,379,462,461,430,356,372,149,317,186,227,159,329,293,228,2,288,322,510,389,404,404,496,481,425,431,510
260,419,448,486,503,329,331,428,467,221,63,342,236,311,409,134,194,217,143,48,84,414,498,474,503,326,357,396,372,359,268
261,357,385,420,437,139,131,123,213,78,17,343,330,309,382,207,92,92,129,87,35,343,410,394,422,159,138,138,177,108,48
262,355,362,429,438,186,389,341,407,363,39,499,422,497,471,314,509,419,470,419,471,354,317,418,438,102,351,267,343,337,184
263,316,258,377,394,47,92,197,214,71,35,125,216,113,213,2,54,99,35,3,14,314,417,363,395,74,199,263,198,195,90
264,352,360,422,433,284,268,328,379,252,64,357,93,340,390,83,116,205,216,20,34,371,370,424,458,343,323,406,419,381,190
265,431,474,494,521,252,356,408,440,192,95,528,419,516,523,86,172,219,197,73,146,453,509,510,542,257,330,369,367,271,307
266,61,241,74,68,278,359,270,189,282,335,385,290,399,279,367,425,336,347,469,280,69,183,88,73,141,314,232,159,291,192
267,224,350,273,277,55,234,189,141,120,140,283,463,313,276,171,311,315,219,295,253,210,380,271,262,42,184,173,100,105,117
268,182,127,219,234,242,125,179,84,330,124,135,304,117,134,184,283,256,72,393,123,171,204,203,218,169,200,243,86,444,126
269,64,298,75,67,395,395,316,217,139,400,260,390,250,192,442,485,496,429,415,512,66,247,78,68,215,321,289,200,164,356
270,262,144,309,329,2,3,23,20,54,26,9,87,2,22,20,2,22,14,134,18,215,118,244,274,4,6,36,30,111,20
271,89,25,99,99,303,196,142,201,192,273,64,25,31,54,286,95,97,173,184,230,85,20,87,91,231,140,147,206,214,274
272,441,317,509,524,239,499,496,498,169,247,527,342,524,517,202,492,485,393,257,414,444,344,502,528,177,481,485,397,256,372
273,38,104,33,38,191,46,35,72,351,284,195,362,161,100,528,81,51,204,217,384,34,125,31,35,300,56,39,68,259,296
274,368,411,434,451,167,166,250,315,66,48,361,368,336,392,173,103,142,158,91,216,362,468,414,445,206,198,248,275,126,262
275,128,170,147,154,453,175,259,403,332,145,459,495,431,398,530,176,94,454,407,252,90,71,95,103,232,43,72,208,41,14
276,93,57,94,109,235,22,5,7,304,131,142,318,122,111,421,53,6,8,365,41,82,71,81,93,171,31,3,4,225,35
277,386,282,449,468,176,103,308,357,72,0,269,135,275,356,377,94,262,373,259,49,345,218,398,430,161,93,257,298,151,4
278,224,187,266,288,54,27,73,54,82,50,184,280,146,214,31,10,71,29,65,6,241,278,282,304,62,34,120,69,72,29
279,242,89,300,303,259,202,208,277,364,138,160,177,174,160,58,185,121,238,132,38,219,148,278,264,128,182,174,242,295,98
280,393,442,463,474,345,433,473,477,272,258,457,217,450,444,362,317,381,322,94,301,402,479,466,492,390,428,482,404,392,436
281,120,51,124,143,43,36,83,203,361,220,433,316,416,358,402,164,128,446,434,104,137,61,146,159,56,44,67,182,346,68
282,399,205,466,475,360,431,442,472,267,153,394,214,349,412,200,286,312,380,166,94,404,353,454,478,324,424,431,457,440,237
283,332,231,412,408,382,485,476,460,259,380,220,176,288,290,87,419,372,296,80,367,324,243,391,402,235,480,460,378,230,479
284,184,107,241,241,44,285,371,266,33,166,224,356,272,234,278,452,505,436,244,325,171,94,228,216,36,287,358,247,18,135
285,165,215,195,209,106,31,9,3,156,139,200,341,154,215,276,32,10,4,388,105,146,190,155,189,58,21,5,1,127,39
286,131,310,168,158,135,300,273,286,92,390,203,357,381,210,315,496,404,411,241,516,132,321,230,169,93,348,273,279,114,452
287,184,29,213,239,9,15,85,51,8,65,21,11,25,45,102,140,146,57,165,111,153,8,179,200,29,90,135,72,66,99
288,86,280,115,105,63,368,333,345,425,263,402,458,345,345,537,529,508,503,464,494,67,166,87,80,53,205,184,222,295,113
289,96,237,98,107,149,58,96,145,331,172,193,474,194,119,293,155,109,221,463,244,88,279,94,94,94,62,77,101,394,111
290,265,272,351,342,154,472,407,384,165,441,504,443,451,455,382,539,520,495,480,543,252,163,301,322,39,309,259,249,55,366
291,293,246,360,369,185,295,260,319,260,137,221,190,239,255,157,276,131,291,128,229,266,282,334,340,204,366,216,333,296,334
292,188,120,233,235,334,219,266,264,175,330,89,103,45,122,433,256,238,270,395,422,160,101,195,208,307,248,260,258,415,427
293,126,173,141,151,103,93,114,155,258,109,85,308,46,65,379,179,114,159,216,70,119,268,140,141,238,187,151,215,346,112
294,172,45,211,212,273,240,41,116,122,216,48,82,62,59,249,109,36,136,76,19,146,45,193,183,195,134,52,108,82,101
295,237,35,286,298,214,126,33,114,95,159,107,83,95,124,65,35,21,94,324,74,206,34,242,261,118,81,35,88,252,84
296,71,14,73,77,127,49,39,66,36,193,41,233,52,24,19,117,73,201,435,298,57,5,58,60,15,33,28,26,29,66
297,122,201,132,147,323,107,113,272,110,279,461,483,441,401,193,71,95,365,149,218,142,197,151,182,105,38,57,137,15,99
298,260,204,315,331,3,68,97,68,120,67,126,72,141,186,7,147,74,37,15,91,264,250,319,344,24,264,189,149,174,215
299,59,386,61,61,342,156,99,107,154,347,218,272,261,186,486,165,178,305,466,96,41,216,42,41,109,45,41,25,43,80
300,402,238,475,491,429,463,497,496,205,346,526,279,508,509,248,393,468,426,247,429,432,285,486,519,311,450,494,417,299,446
301,160,278,197,195,114,302,282,244,200,268,311,238,310,292,291,410,426,359,418,419,145,189,187,178,62,262,231,150,196,233
302,412,400,491,496,394,489,503,517,398,466,523,439,517,508,395,481,499,457,417,476,400,372,465,490,223,393,455,407,402,422
303,58,226,62,62,383,147,86,98,45,360,17,410,12,18,441,62,165,189,215,279,45,225,43,48,266,76,89,116,39,246
304,101,203,112,116,166,203,147,77,28,265,268,249,291,224,303,337,227,131,248,297,102,146,121,117,110,193,141,74,38,210
305,109,412,123,133,27,94,69,60,291,146,165,445,198,133,252,307,137,103,453,130,92,415,109,111,28,118,76,59,389,74
306,202,112,240,256,125,73,4,6,117,154,63,36,40,90,24,28,4,2,65,192,196,112,226,249,100,114,10,15,181,329
307,16,62,13,17,11,4,13,8,203,395,40,326,29,16,361,7,18,11,411,122,13,103,9,13,34,9,14,5,307,240
308,219,17,259,282,21,12,11,10,16,21,119,80,104,182,14,3,11,7,110,33,218,35,251,283,11,13,13,11,53,26
309,195,46,228,252,97,16,15,33,37,49,341,137,307,334,54,6,15,25,92,141,208,43,240,266,48,14,16,32,25,55
310,118,247,125,134,163,74,53,48,292,226,27,367,24,25,249,55,67,128,362,46,99,300,106,113,150,82,81,84,430,108
311,277,106,324,352,34,9,47,108,117,12,255,174,194,299,130,16,25,71,117,0,277,149,310,355,45,27,46,89,137,3
312,174,38,218,223,161,220,184,182,100,231,265,65,271,261,287,349,322,247,200,390,184,25,227,231,132,270,211,190,150,311
313,107,2,116,126,133,110,43,34,234,216,10,0,23,12,51,139,63,23,296,89,87,2,107,99,79,161,88,53,418,180
314,7,225,6,6,389,101,0,0,382,456,281,508,247,125,543,157,0,0,496,498,2,170,2,2,223,36,0,0,357,286
315,162,147,191,205,125,21,14,21,3,94,36,86,15,46,118,1,13,9,83,13,140,95,143,165,87,5,18,20,13,25
316,142,54,161,180,39,5,36,11,142,83,93,42,83,93,158,14,79,30,278,1,111,26,111,133,41,10,40,8,59,15
317,375,236,443,456,287,344,376,417,215,90,347,31,300,399,109,205,245,276,45,170,373,239,425,462,281,341,402,386,247,303
318,18,238,24,15,323,500,479,322,405,493,390,462,420,244,476,517,521,487,468,515,20,198,32,15,148,423,440,277,355,477
319,158,152,181,201,32,8,42,90,43,62,325,489,293,320,359,82,62,265,465,245,113,106,112,138,2,4,22,22,10,9
320,52,126,57,57,377,341,279,290,184,449,315,380,130,217,493,467,383,388,414,511,55,117,51,59,258,293,229,232,166,435
321,414,270,482,502,63,252,381,409,286,5,444,79,426,451,85,146,266,304,335,37,390,187,447,484,63,147,298,320,329,10
322,181,37,229,224,421,262,171,267,68,332,114,240,134,103,233,260,181,227,30,261,174,131,233,219,337,272,214,279,86,347
323,420,335,495,500,439,493,515,530,424,376,437,230,430,442,177,315,325,350,421,286,423,424,486,509,353,475,471,484,497,463
324,144,90,171,175,142,140,72,88,122,227,182,124,197,149,165,159,68,33,63,109,161,137,215,207,169,220,132,76,184,265
325,169,166,205,210,351,201,139,140,161,181,90,192,123,121,323,64,101,82,300,70,158,132,194,197,244,97,112,81,198,95
326,255,22,307,324,228,78,61,197,17,104,180,261,119,241,308,98,28,87,90,174,243,55,279,312,183,86,54,92,23,129
327,135,192,144,165,35,23,6,16,20,204,132,172,91,110,101,23,5,18,105,64,120,165,122,148,46,32,7,21,33,120
328,335,308,405,412,438,412,423,433,300,275,377,307,386,382,309,272,328,357,134,226,334,388,403,412,352,358,381,356,347,304
329,334,352,408,416,436,393,465,420,254,343,438,374,354,421,495,439,475,290,479,488,309,247,354,391,275,256,358,253,215,263
330,325,98,401,403,254,424,390,398,201,178,282,97,319,336,222,398,362,371,106,264,325,157,383,407,282,473,456,418,318,391
331,190,257,247,236,263,346,291,231,189,344,195,33,289,189,208,401,405,214,420,408,197,155,286,248,187,386,368,238,442,394
332,84,277,97,98,374,155,17,25,294,192,233,473,197,164,523,91,17,27,484,93,74,269,80,77,273,61,12,9,401,49
333,85,74,90,102,92,39,2,4,195,209,103,215,112,82,196,25,3,5,189,106,103,161,116,119,116,64,4,7,248,174
334,150,242,169,185,94,30,25,32,67,168,56,403,39,56,389,41,38,85,263,132,141,350,144,166,149,53,34,40,146,143
335,349,318,423,430,412,320,427,484,174,205,493,486,496,465,282,227,412,428,226,331,364,444,431,451,289,246,409,394,172,195
336,191,58,241,237,250,298,169,138,130,444,50,57,5,72,146,300,318,112,170,465,159,32,178,199,108,228,172,90,95,455
337,385,332,456,466,205,426,361,366,303,211,460,402,452,468,376,446,375,441,329,397,416,464,470,506,313,484,441,430,450,442
338,46,176,46,48,336,185,100,95,266,295,188,477,164,107,385,167,149,140,311,221,49,305,55,55,258,126,119,114,279,213
339,448,409,513,531,384,393,504,524,208,47,520,185,500,519,268,254,354,325,109,263,449,395,504,537,322,335,451,436,160,229
340,266,137,331,334,288,354,306,297,279,314,297,107,327,326,89,378,369,302,242,290,280,142,344,362,192,392,391,315,327,364
341,30,146,34,31,122,275,315,156,342,436,57,188,80,37,235,416,444,157,206,363,34,189,50,34,155,395,433,168,304,441
342,77,81,91,86,356,271,243,262,196,413,27,132,69,23,365,238,281,226,361,240,70,100,100,82,271,271,268,261,404,388
343,405,343,477,486,297,418,470,501,352,109,453,494,479,436,104,409,403,438,474,277,385,467,463,467,145,400,447,458,469,257
344,119,94,133,136,429,182,183,253,329,339,293,95,273,249,466,88,145,266,269,260,119,57,139,139,295,87,123,154,227,241
345,53,71,56,56,311,272,159,129,118,423,283,502,280,157,541,479,259,323,472,496,39,84,45,36,233,165,74,44,97,338
346,138,238,153,164,104,99,24,30,75,196,151,275,120,129,344,87,30,45,280,217,155,312,164,188,188,116,44,66,275,283
347,284,72,343,356,172,207,214,273,60,159,291,4,299,302,103,181,176,246,327,222,296,54,358,367,147,236,255,292,350,301
348,102,121,104,114,200,104,106,161,119,303,35,101,18,38,454,44,59,70,207,253,96,122,98,108,331,88,109,118,265,363
349,132,81,160,142,432,375,37,101,417,356,308,246,287,275,218,312,46,243,416,262,107,50,126,122,191,215,30,55,353,193
350,114,155,114,138,33,13,26,50,141,113,299,73,249,268,298,24,31,69,340,203,134,96,130,161,37,18,29,46,213,87
351,321,250,407,394,458,523,520,511,409,469,415,333,403,408,459,516,519,477,493,506,299,215,371,377,339,488,512,446,479,475
352,452,173,518,535,428,522,529,540,305,223,516,145,507,514,274,466,397,382,359,291,455,202,512,541,330,506,502,488,453,367
353,300,437,369,382,347,294,393,380,126,327,463,396,443,431,494,315,438,430,316,434,323,447,375,406,370,292,419,342,182,419
354,80,53,87,92,15,119,209,74,151,211,363,125,392,297,190,413,413,375,445,432,80,15,97,89,8,108,136,38,153,116
355,164,244,214,208,156,314,357,304,63,245,307,385,382,286,477,464,484,459,398,378,143,169,201,172,82,233,274,220,27,140
356,195,224,252,233,395,403,339,349,341,337,246,399,312,205,386,450,449,451,429,466,184,235,243,213,221,332,294,294,352,322
357,244,127,293,308,151,88,50,136,31,147,174,347,158,192,199,29,23,60,138,113,226,262,263,281,113,69,53,76,80,132
358,13,96,14,13,90,204,220,168,288,366,423,293,446,312,501,364,327,381,428,376,18,49,19,18,47,105,107,54,97,179
359,26,211,22,29,338,109,115,71,53,420,408,311,385,315,325,51,240,86,265,210,76,240,73,81,214,77,129,64,109,291
360,163,199,192,211,23,2,3,14,62,8,298,193,268,291,216,5,2,15,297,4,159,128,170,209,14,2,2,6,44,1
361,207,339,253,265,130,134,147,174,222,100,189,405,208,196,179,264,160,76,226,90,185,367,235,232,107,173,139,82,175,67
362,174,235,212,218,274,221,114,99,188,244,115,321,114,114,195,201,129,222,253,118,161,274,184,202,195,204,145,185,219,149
363,339,209,404,418,276,244,256,320,49,70,285,370,270,337,350,229,170,233,185,103,318,256,366,398,216,176,199,213,88,43
364,211,150,257,270,51,95,81,75,129,105,25,46,13,55,70,124,118,44,50,110,208,147,238,263,141,174,157,134,218,191
365,421,346,489,505,208,349,345,413,109,61,439,175,445,449,262,245,242,372,96,86,413,290,471,498,212,295,308,382,167,70
366,416,444,488,494,314,471,445,515,258,190,512,457,505,488,422,480,476,488,473,385,409,456,467,487,181,395,388,448,396,209
367,145,195,178,176,217,173,205,126,154,163,169,111,180,143,220,153,199,108,262,92,189,212,239,239,237,265,277,207,382,182
368,440,163,501,526,237,251,382,431,166,4,530,247,515,524,192,93,213,294,43,75,450,296,503,539,234,162,317,392,129,46
369,442,353,508,523,379,498,510,529,229,231,519,84,513,507,39,355,353,375,126,340,440,270,501,525,192,433,448,469,218,349
370,337,392,413,419,286,441,466,447,385,257,372,229,355,391,198,449,481,414,454,368,335,404,401,418,268,478,519,456,492,430
371,304,33,366,379,56,163,151,195,169,58,46,6,61,123,127,174,132,186,172,65,262,13,314,343,99,185,156,170,122,76
372,437,86,502,518,330,443,474,513,314,244,287,328,283,363,73,341,342,339,177,389,384,153,452,465,130,350,418,413,212,354
373,430,169,492,514,249,329,432,457,81,41,451,63,439,454,263,242,270,300,46,57,424,192,482,510,345,368,425,441,199,124
374,231,122,282,296,91,135,103,127,256,92,34,24,72,67,57,195,88,73,266,125,212,106,284,265,88,252,153,134,412,223
375,331,122,403,402,310,430,277,340,321,352,39,17,67,80,84,230,186,293,260,325,287,74,350,360,157,321,253,292,360,378
376,60,292,76,65,199,467,502,359,387,492,0,306,275,1,425,528,530,499,164,536,38,179,78,33,109,414,492,328,161,509
377,215,461,262,279,30,50,40,46,29,120,32,274,79,80,121,113,43,36,95,50,207,476,264,271,89,132,82,87,201,125
378,229,88,289,297,86,193,198,178,205,155,12,29,20,26,142,371,246,151,224,435,203,91,275,259,178,373,293,257,417,432
379,78,234,108,76,451,512,453,373,388,484,94,233,153,66,364,473,416,335,201,396,132,440,222,128,409,527,529,475,476,527
380,87,24,106,96,457,341,303,343,334,415,177,209,169,95,302,221,215,283,315,329,110,115,147,109,356,303,261,301,413,403
381,76,79,82,84,60,169,157,134,328,266,30,235,54,31,153,244,154,102,246,87,79,123,99,86,81,231,186,125,376,158
382,137,380,183,167,7,327,304,233,2,374,5,369,164,13,133,474,400,418,378,507,97,355,177,115,6,383,321,264,36,415
383,155,174,200,182,365,399,257,222,198,358,187,152,230,153,313,430,431,242,228,501,183,191,249,220,276,412,347,235,250,494
384,206,44,260,262,99,254,230,216,108,71,54,26,128,85,62,270,289,156,102,196,187,42,260,236,116,336,318,216,215,162
385,276,392,330,351,145,145,314,334,113,30,354,421,350,334,417,216,339,397,202,235,253,420,303,315,203,155,304,308,118,91
386,145,55,184,181,72,211,283,180,125,236,194,139,222,172,71,373,402,254,256,415,125,81,182,155,52,304,333,215,191,368
387,245,124,290,311,12,53,75,31,102,40,172,48,151,230,30,158,193,104,172,95,242,102,290,309,3,101,125,50,142,62
388,87,97,110,104,100,343,352,202,217,445,270,252,308,226,491,519,516,464,34,537,77,70,99,87,85,346,329,179,30,472
389,403,389,473,483,339,411,468,490,320,148,450,509,484,446,506,460,498,502,421,491,360,391,428,443,166,301,401,393,153,196
390,53,12,54,56,327,192,66,122,211,350,65,30,66,35,201,142,52,101,262,158,58,10,62,61,221,170,93,123,290,225
391,12,146,11,12,362,187,0,0,319,433,412,481,376,298,538,253,0,0,237,495,21,177,16,22,295,112,0,0,104,373
392,313,281,385,390,433,454,471,462,287,386,462,335,463,432,351,366,442,412,234,381,366,371,429,450,375,437,478,444,371,461
393,439,366,507,520,437,508,518,532,381,362,454,179,442,458,143,435,427,319,298,362,435,356,487,521,316,501,518,467,462,454
394,140,185,173,166,352,293,222,260,293,238,213,426,179,214,410,199,174,122,290,73,147,270,191,186,280,190,190,104,326,128
395,254,159,303,320,66,83,112,254,123,121,19,433,48,44,162,130,81,186,197,22,216,252,258,273,67,99,91,158,134,61
396,220,237,287,275,375,359,318,338,214,208,99,336,105,156,172,251,330,348,54,172,210,315,267,268,277,324,367,325,187,219
397,177,173,232,230,65,265,295,293,83,118,310,315,326,316,168,417,415,354,239,365,160,130,211,212,27,201,230,183,17,123
398,77,75,78,87,40,52,116,24,64,254,60,81,51,51,61,171,182,21,29,312,102,109,104,123,95,212,247,76,158,393
399,123,164,136,148,203,128,120,85,241,189,292,270,249,258,174,252,209,43,108,258,144,224,157,187,162,183,171,71,234,288
400,367,320,460,450,455,527,526,508,366,435,344,110,371,374,342,434,483,242,154,445,359,328,445,442,402,505,533,412,390,508
401,130,5,146,161,171,72,108,102,100,57,167,242,138,147,260,114,109,55,14,80,164,104,181,211,239,154,180,128,112,155
402,189,209,244,247,17,218,186,110,257,157,137,324,281,178,23,432,345,245,396,326,180,228,257,233,16,288,191,121,378,152
403,187,125,234,228,309,263,143,170,179,249,15,168,10,27,5,132,140,111,240,97,167,186,205,204,120,225,217,188,403,245
404,153,80,177,193,145,43,79,130,81,107,328,170,316,311,381,42,98,231,437,20,129,30,138,158,61,22,49,58,61,12
405,72,224,79,81,333,188,228,228,46,365,327,439,361,266,465,278,194,279,303,209,90,262,123,103,234,167,167,156,49,227
406,329,76,397,406,256,247,247,310,179,145,145,56,156,208,38,121,169,169,121,40,308,88,363,386,137,181,270,274,233,114
407,180,329,225,238,31,236,264,106,85,221,405,446,302,373,241,471,450,337,403,514,195,310,221,254,21,221,219,80,123,293
408,370,304,440,448,359,403,389,452,323,203,386,154,366,404,347,350,250,377,88,282,365,254,419,449,306,422,355,415,333,342
409,149,191,179,188,147,139,140,194,310,72,276,444,220,267,231,302,206,249,391,138,178,359,200,227,159,196,160,226,426,96
410,95,178,101,111,168,79,118,139,100,160,68,408,71,62,163,69,85,56,64,45,118,482,148,144,293,160,218,203,301,230
411,76,145,85,85,392,209,134,179,165,296,74,355,63,60,140,61,69,119,196,127,91,296,102,102,238,137,122,146,309,254
412,23,343,21,23,58,117,168,12,5,384,4,283,35,0,182,340,364,32,268,409,16,336,25,17,76,216,223,16,84,399
413,295,361,365,373,126,309,285,288,297,160,257,337,265,295,76,353,331,293,252,360,281,412,340,363,72,391,336,299,363,408
414,303,470,357,384,95,44,216,199,244,16,392,421,364,388,324,161,249,182,450,62,295,485,339,382,112,65,185,120,388,23
415,128,322,151,153,292,227,102,146,335,280,205,295,190,162,480,378,143,196,345,140,118,316,150,147,275,268,131,178,342,165
416,24,344,20,25,367,123,76,56,336,361,369,510,335,260,533,209,108,167,441,411,38,405,33,39,328,94,58,36,273,320
417,314,321,390,407,413,455,429,432,353,401,536,300,525,521,412,445,410,469,291,468,393,325,462,495,323,441,427,445,311,473
418,171,11,201,216,158,99,90,171,87,274,121,59,110,115,254,128,55,145,193,394,156,33,186,192,205,157,104,176,232,421
419,82,331,86,89,344,112,28,40,106,232,217,431,199,148,329,63,37,63,410,108,88,360,93,93,184,85,33,47,302,134
420,108,243,122,127,129,205,246,73,340,272,216,371,245,180,352,265,409,171,238,285,120,308,163,143,165,222,292,122,324,317
421,281,50,371,344,354,488,417,372,354,462,427,400,468,402,481,497,456,398,399,457,277,64,357,338,203,417,352,269,254,400
422,110,120,138,123,398,366,290,309,265,288,157,91,142,94,230,257,264,327,233,99,100,92,114,107,268,265,269,268,238,177
423,229,249,301,291,196,359,340,318,242,243,119,164,166,158,40,354,356,314,152,356,227,260,299,292,111,379,385,314,219,370
424,38,248,36,37,390,237,27,121,420,425,470,440,460,379,525,240,32,243,444,380,51,192,53,54,256,116,20,51,373,271
425,45,326,41,47,73,24,10,13,115,320,58,338,37,29,206,13,12,12,96,165,46,361,41,50,99,28,11,17,76,279
426,57,83,64,60,299,301,269,148,283,416,267,267,306,193,360,444,455,308,326,431,81,143,110,83,212,364,325,221,319,433
427,66,357,71,74,162,97,162,70,333,179,243,420,252,177,294,280,301,240,232,207,103,430,132,116,198,177,235,148,298,212
428,79,139,81,90,78,21,44,67,55,234,14,201,6,15,229,19,58,64,288,160,65,108,69,72,54,16,45,42,87,129
429,172,183,202,220,48,41,45,103,39,58,229,158,226,233,356,106,26,49,264,7,165,127,198,210,68,60,31,34,32,13
430,290,375,384,366,320,515,517,480,344,409,170,157,401,243,331,514,504,474,120,467,271,324,387,354,272,518,532,471,270,499
431,156,184,209,191,374,409,300,209,218,434,43,375,244,87,482,404,435,284,333,481,112,182,204,137,290,329,276,143,147,417
432,415,263,489,497,420,439,491,514,172,198,373,217,359,410,449,345,464,454,376,359,375,242,439,461,372,356,469,450,323,281
433,387,356,459,470,344,425,441,445,296,229,494,470,454,489,405,458,458,443,367,403,383,402,436,474,249,401,408,373,313,321
434,288,149,344,358,177,168,148,221,82,106,237,71,133,241,211,207,122,149,141,124,268,116,304,325,145,150,140,164,135,88
435,249,267,314,314,376,350,373,376,140,345,113,194,131,146,155,225,223,208,36,233,290,397,356,364,357,409,421,394,369,477
436,182,263,226,232,206,216,63,137,251,301,314,106,315,274,233,141,39,84,342,161,199,221,248,240,142,171,71,109,408,228
437,252,119,305,323,116,105,156,230,165,156,332,243,323,331,398,134,139,176,285,232,247,144,298,313,133,106,127,147,210,148
438,242,266,297,307,146,133,42,157,75,94,289,431,269,307,221,86,29,106,289,150,245,338,296,311,94,89,47,92,130,97
439,250,103,302,319,57,90,78,193,93,67,101,62,132,155,110,59,57,250,24,115,215,82,259,279,55,71,63,174,28,69
440,75,161,92,83,175,342,338,275,48,370,181,351,339,131,428,476,487,435,125,438,88,306,208,110,250,446,449,348,141,425
441,354,433,424,434,96,339,390,353,42,29,409,432,389,422,408,468,439,427,156,332,353,474,409,436,283,451,462,379,124,261
442,238,111,290,302,164,152,32,37,26,136,303,15,251,305,281,101,45,50,38,186,230,46,274,290,69,80,32,29,8,85
443,60,211,60,66,77,40,71,43,408,123,52,503,53,53,497,138,195,263,195,401,42,196,37,44,32,20,38,12,203,71
444,372,147,439,447,181,382,366,371,168,126,235,40,188,352,48,188,300,212,51,169,353,159,411,437,172,334,430,345,260,308
445,133,420,165,159,353,274,245,299,226,398,190,296,178,159,418,262,237,416,310,324,115,386,143,134,202,202,192,285,162,310
446,365,456,437,444,328,408,458,427,164,163,333,258,344,381,98,259,360,262,39,185,369,496,437,459,257,425,501,414,300,387
447,286,182,350,360,213,264,188,152,267,149,112,49,96,167,108,104,156,100,344,96,275,175,320,349,152,214,246,184,443,157
448,272,256,333,349,105,208,324,226,44,116,171,344,204,228,53,266,338,172,84,151,267,348,329,350,78,331,393,227,115,181
449,435,299,498,517,275,367,439,506,74,89,466,346,456,461,175,271,323,374,4,128,428,432,483,517,237,372,434,461,54,176
450,127,337,155,149,4,322,323,169,11,364,176,407,195,179,326,512,492,389,364,522,106,344,129,127,25,394,351,206,64,449
451,404,424,468,484,355,296,446,461,136,27,391,350,351,419,513,248,437,380,171,76,368,403,422,456,329,206,413,329,59,18
452,134,462,154,160,111,137,185,118,106,217,66,436,106,63,355,333,296,187,204,386,121,492,148,149,139,209,218,136,106,302
453,272,50,329,337,404,276,287,377,129,223,240,88,234,265,255,125,141,273,338,315,254,34,308,312,223,136,159,259,165,243
454,166,158,199,213,131,86,128,153,210,133,33,70,26,58,36,43,93,99,159,43,190,164,220,246,151,144,226,237,395,163
455,210,473,267,274,219,186,119,256,18,188,286,466,260,301,223,121,47,184,145,250,223,503,262,287,120,128,69,152,37,214
456,112,466,131,131,232,253,293,125,210,239,251,498,235,231,478,313,398,191,380,117,124,497,158,153,260,239,324,126,277,145
457,203,431,242,257,159,67,117,131,110,66,87,341,58,120,212,34,127,80,66,79,191,461,216,245,188,78,163,94,103,83
458,192,428,224,245,101,62,38,93,138,37,189,307,139,199,247,50,27,74,33,26,190,425,214,241,145,83,43,93,65,32
459,39,460,35,40,59,45,51,38,112,170,45,434,49,25,300,129,117,61,148,139,33,486,30,32,90,86,75,60,69,144
460,350,450,421,436,313,340,352,374,206,276,507,275,495,498,436,290,276,370,298,395,389,465,452,481,355,306,300,348,314,385
461,454,438,520,538,396,502,532,536,347,74,538,327,531,527,380,500,506,490,187,404,456,407,513,543,230,465,510,481,177,177
462,264,447,319,340,10,69,153,92,161,34,128,173,155,184,160,210,188,75,88,84,236,427,295,303,49,133,177,77,74,42
463,109,214,119,130,124,102,149,96,58,140,51,105,57,48,312,212,210,120,317,220,104,211,120,120,220,200,222,181,379,250
464,201,207,245,256,26,114,226,218,38,59,78,77,47,108,237,178,134,155,12,48,214,209,247,277,184,227,224,252,45,102
465,204,287,270,263,89,378,354,212,100,318,211,128,394,240,119,518,500,349,130,518,237,260,361,302,135,500,504,307,262,517
466,198,309,263,255,143,332,365,271,77,190,254,119,266,283,353,392,418,306,144,274,210,257,296,280,225,407,438,282,149,295
467,32,200,30,33,93,85,49,18,145,314,288,329,255,196,504,126,66,17,409,249,48,229,48,52,247,107,64,15,330,253
468,363,393,444,443,227,503,493,486,155,457,506,377,492,490,317,522,491,481,176,532,370,358,433,459,138,482,464,421,63,512
469,111,205,150,124,441,437,355,344,306,448,353,438,363,288,532,394,441,444,221,450,142,253,188,154,389,352,344,316,183,410
470,31,219,32,36,180,129,125,80,396,315,323,341,308,219,370,255,275,217,273,352,47,264,44,57,156,148,148,119,366,344
471,136,459,157,170,153,115,92,167,246,102,449,506,436,386,374,186,123,287,299,347,151,448,176,193,59,63,56,75,91,64
472,291,79,356,368,70,250,249,251,148,92,154,7,173,235,10,220,232,153,22,162,294,59,347,373,66,344,338,278,198,314
473,149,471,163,187,37,7,0,0,157,173,382,516,347,349,357,37,0,0,449,267,144,493,149,185,22,8,0,0,94,73
474,69,101,80,73,336,324,231,83,251,396,16,27,56,14,80,384,280,89,32,420,72,83,103,74,213,434,361,163,154,487
475,179,109,231,226,192,235,254,241,160,160,18,16,38,30,114,226,332,152,157,144,177,83,236,224,211,328,372,234,312,239
476,257,300,321,325,179,338,229,238,53,186,296,227,334,319,47,403,287,342,161,214,276,318,348,348,113,397,288,305,139,249
477,246,139,299,313,5,80,82,63,220,56,22,37,77,68,13,136,61,26,55,114,227,151,298,297,18,235,162,102,193,221
478,103,65,121,119,369,233,239,123,198,353,81,280,124,71,124,275,390,139,231,321,90,154,115,98,226,237,296,146,292,395
479,333,262,416,413,349,495,499,466,377,355,253,208,367,335,455,502,507,473,423,493,301,188,377,384,241,472,489,385,409,392
480,141,196,177,173,203,212,124,81,40,277,108,287,145,98,117,208,111,34,100,81,140,332,196,172,139,281,194,83,92,226
481,246,251,298,317,61,81,131,133,84,71,272,186,213,293,29,83,130,68,8,131,274,294,313,350,65,127,200,169,79,197
482,216,52,276,266,386,362,253,333,198,369,26,35,21,47,77,168,102,170,188,224,211,62,246,260,252,311,220,304,385,413
483,232,181,281,286,321,222,211,250,176,213,152,189,121,188,8,36,151,194,49,29,217,201,253,275,134,114,206,211,132,109
484,320,7,389,392,366,401,387,370,202,270,28,3,28,64,244,234,334,246,26,137,289,4,349,358,334,363,416,324,148,299
485,159,134,230,199,258,442,434,321,352,453,336,298,474,313,348,527,524,493,456,527,163,129,273,203,121,445,454,306,387,469
486,279,147,332,353,137,150,234,207,27,25,112,221,92,173,22,154,163,62,42,9,277,255,321,353,108,249,281,153,110,58
487,400,233,471,481,399,432,500,507,228,222,435,361,412,437,151,356,395,285,195,270,406,389,458,494,321,421,491,432,393,382
488,116,125,139,137,417,277,199,246,245,308,319,277,303,287,444,133,175,284,323,271,138,145,165,175,328,135,178,236,242,275
489,342,290,407,420,28,171,163,158,240,20,159,34,163,225,1,166,115,39,274,54,330,301,393,408,44,355,284,205,488,205
490,148,372,175,189,81,66,58,57,69,178,117,269,127,130,138,115,60,22,159,164,182,428,232,235,169,197,142,107,345,305
491,366,34,431,449,46,124,206,296,4,11,401,243,375,406,69,38,82,117,53,11,342,66,392,421,35,66,116,187,6,7
492,371,302,441,454,330,395,384,412,367,207,483,322,482,469,399,344,365,413,432,358,369,277,432,457,201,289,291,333,391,206
493,160,19,185,201,20,26,22,49,104,187,267,389,225,250,492,70,34,132,430,430,130,23,128,160,23,19,15,18,56,118
494,200,301,239,259,16,76,64,55,164,150,261,381,267,269,384,267,103,47,306,209,202,350,250,255,94,168,78,45,197,178
495,289,291,352,363,265,238,281,324,47,117,130,423,129,209,167,144,221,287,272,77,259,351,311,327,143,123,202,247,82,59
496,168,204,227,207,391,416,307,326,123,399,131,53,150,138,203,324,265,232,209,315,193,164,250,247,332,429,378,314,386,468
497,161,167,198,203,178,198,161,166,61,195,21,113,50,36,32,144,105,109,134,32,175,219,234,225,179,312,245,256,324,211
498,380,175,451,461,340,410,426,465,233,382,490,242,470,478,397,397,407,396,164,452,385,181,440,473,265,370,375,368,129,420
499,428,323,497,512,397,464,495,503,242,259,442,302,444,452,307,352,388,376,18,330,405,396,477,497,298,413,465,442,120,381
500,297,143,373,370,312,422,299,368,139,402,321,143,263,347,50,233,197,223,6,275,281,111,337,359,103,266,221,248,34,346
501,241,412,320,310,434,473,406,390,401,443,397,401,356,362,471,442,347,406,375,502,259,443,321,330,395,440,363,341,448,505
502,163,128,205,197,432,330,258,258,296,364,183,264,123,139,472,192,254,281,426,176,148,139,168,179,349,186,227,190,361,186
503,444,276,510,528,230,390,449,487,52,42,533,96,526,522,210,408,379,471,336,239,451,208,508,536,134,415,398,460,281,156
504,20,21,32,18,473,518,342,331,410,496,351,263,360,175,475,472,348,472,384,531,23,24,35,16,405,398,251,250,325,518
505,33,30,45,27,460,514,386,397,346,497,204,357,165,122,544,488,451,369,396,533,30,56,38,25,407,418,322,261,263,525
506,146,285,193,172,403,360,311,143,370,408,49,122,8,42,267,285,378,218,57,342,128,215,152,136,258,286,376,167,204,370
507,77,157,88,79,447,326,187,298,304,485,44,234,59,40,519,308,163,317,341,519,66,121,74,69,371,239,146,225,235,501
508,336,107,398,415,243,151,248,313,163,87,84,12,30,190,363,113,247,364,65,187,298,51,338,380,228,118,240,307,62,147
509,312,403,395,387,443,492,482,434,215,432,273,471,353,328,467,490,480,463,314,480,293,483,367,375,383,487,490,449,315,483
510,120,69,148,141,71,287,279,188,51,388,69,58,65,52,332,448,385,386,346,499,93,48,108,105,70,345,307,258,163,445
511,287,70,340,362,118,59,152,181,133,24,105,50,144,191,311,110,124,244,151,69,244,47,301,317,106,70,126,160,71,21
512,211,299,296,273,408,435,416,425,367,453,334,187,369,339,166,295,345,334,191,359,274,375,352,356,348,431,463,431,438,493
513,274,43,335,348,302,266,312,302,181,80,355,51,304,357,123,230,306,164,136,143,281,40,331,361,150,220,286,218,173,122
514,298,244,361,375,216,256,297,301,76,162,331,291,320,360,122,198,298,202,23,58,305,340,355,388,163,254,318,272,57,106
515,94,226,102,103,371,246,200,185,285,252,151,222,99,132,429,200,214,260,375,8,94,187,92,112,307,153,196,197,333,81
516,377,303,448,460,383,384,438,471,250,167,425,181,383,435,261,238,295,241,142,212,374,283,430,463,309,319,392,337,341,250
517,411,294,480,490,360,406,412,470,213,246,408,155,413,426,137,299,309,286,7,292,403,249,469,480,270,389,426,361,143,392
518,183,207,246,214,452,468,224,336,162,446,381,281,378,341,149,305,113,303,222,278,223,220,287,267,294,360,144,266,155,374
519,173,142,221,215,416,344,175,234,368,367,329,219,296,296,371,189,189,189,220,322,199,148,237,238,303,230,168,165,340,348
520,21,48,23,20,469,379,146,173,389,475,300,268,278,165,535,327,225,398,478,351,29,53,28,24,397,253,111,141,451,379
521,450,342,515,533,353,509,505,526,322,385,515,165,504,513,126,396,352,401,245,424,447,307,505,535,220,456,444,471,362,434
522,86,276,89,100,125,38,19,17,121,298,11,262,7,11,56,15,19,19,113,145,71,295,76,76,89,35,25,22,148,200
523,233,228,298,285,316,325,242,285,165,397,258,312,259,273,316,293,211,343,240,335,226,265,288,286,274,322,237,296,264,384
524,42,105,40,41,255,242,87,172,22,407,162,302,203,84,434,263,70,93,225,306,52,184,68,51,272,275,90,116,125,401
525,6,28,9,7,359,199,105,79,144,437,8,76,17,2,390,218,164,113,155,353,9,67,14,11,365,273,207,196,305,474
526,215,230,278,268,390,353,196,248,171,287,76,44,85,96,72,165,126,114,68,71,235,245,302,298,359,375,302,321,432,353
527,153,13,187,192,187,132,127,191,150,130,3,19,1,7,28,56,54,52,19,17,152,80,175,191,190,250,214,260,351,194
528,247,32,310,309,459,292,354,386,316,325,426,505,435,384,483,399,432,498,194,460,205,6,245,256,253,119,187,246,31,153
529,139,41,167,163,405,269,170,208,132,363,166,23,152,142,354,100,162,137,275,134,144,14,171,176,325,163,195,144,236,278
530,121,177,143,139,388,290,237,306,99,379,378,459,374,317,299,231,155,331,227,149,146,335,192,180,224,208,158,244,119,232
531,115,284,135,132,343,280,195,142,249,326,84,156,78,86,148,214,172,40,98,204,141,357,173,177,339,361,310,168,377,377
532,230,129,281,292,226,181,59,109,116,237,82,14,73,113,34,26,40,31,5,52,255,105,300,324,173,152,137,204,243,236
533,422,305,491,507,209,407,430,489,384,31,497,437,478,484,120,383,389,422,427,211,394,314,451,479,83,318,334,361,383,35
534,74,180,83,78,277,291,236,206,110,312,20,413,32,19,464,412,406,341,58,310,63,299,77,66,277,313,254,239,58,315
535,425,314,497,509,369,479,488,520,371,269,471,212,464,466,90,334,384,362,267,206,412,259,468,499,175,376,437,447,343,189
536,261,377,328,327,361,361,419,367,284,180,80,453,183,142,251,332,421,315,99,338,231,463,312,300,242,338,428,309,202,325
537,117,410,149,121,456,448,210,311,374,461,230,475,238,195,522,421,179,434,143,470,115,435,159,114,387,385,164,299,241,451
538,2,435,2,2,70,54,0,0,255,450,324,376,294,151,520,65,0,0,431,500,4,401,3,4,169,42,0,0,331,447
539,1,434,3,1,140,373,330,65,343,476,109,386,87,32,536,515,514,346,314,509,1,426,1,1,354,369,364,62,239,482
540,107,63,128,115,325,345,280,185,224,393,207,442,135,194,516,461,466,379,229,459,84,93,90,92,222,258,215,130,70,290
541,269,423,349,345,165,380,353,289,256,297,173,260,318,229,340,478,367,282,302,483,264,422,353,337,218,458,420,286,371,462
542,283,433,341,355,87,176,190,236,236,97,238,354,240,284,107,105,184,311,240,198,278,436,327,346,64,120,193,265,208,107
543,203,457,250,258,141,160,130,257,114,127,136,416,115,126,125,145,125,183,199,12,192,489,231,242,69,122,121,161,116,41
544,244,307,304,300,262,305,165,166,111,381,201,244,218,230,270,282,261,178,115,319,223,232,285,278,173,240,160,127,47,340
545,226,390,274,290,220,154,129,176,137,129,294,337,216,321,226,273,202,179,307,191,235,363,268,301,143,144,117,138,178,105
546,55,131,52,58,246,57,30,15,264,250,92,200,70,50,337,27,64,45,143,193,53,150,49,56,185,48,42,14,194,171
547,53,138,55,53,174,225,204,175,140,383,1,230,9,3,488,382,260,258,349,473,36,160,47,37,296,276,212,186,200,423
548,34,256,29,32,123,60,88,36,85,264,230,347,212,134,366,96,239,209,337,374,41,263,36,42,134,59,103,37,145,259
549,67,408,72,76,81,143,52,29,316,292,414,464,408,333,415,237,96,58,377,248,117,409,135,125,136,164,59,28,332,207
550,68,334,67,75,22,32,0,0,134,169,256,325,229,190,469,91,0,0,440,133,64,233,66,70,41,31,0,0,111,57
551,79,372,91,88,261,231,223,151,339,346,210,379,204,126,21,377,343,230,433,421,76,346,83,78,77,191,188,111,365,277
552,175,469,207,229,88,33,73,76,67,79,148,348,94,145,439,119,100,198,249,61,168,480,185,215,156,79,95,113,93,44
553,22,355,17,22,218,91,182,58,152,354,236,455,232,127,502,235,382,316,475,416,15,241,13,14,86,41,84,16,98,169
554,183,465,220,237,74,100,268,163,80,107,95,345,103,106,420,281,373,126,186,227,170,478,197,217,153,159,282,112,83,150
555,54,452,53,55,190,200,262,198,96,225,110,491,82,73,515,348,433,425,231,436,37,470,39,38,244,179,244,214,42,316
556,48,265,49,49,332,189,18,45,204,295,153,482,137,105,524,291,20,107,389,142,32,181,29,31,174,95,9,13,52,72
557,25,455,19,26,74,56,0,0,183,200,422,513,411,303,510,97,0,0,440,281,27,462,23,26,70,29,0,0,117,110
558,275,379,354,347,119,415,356,280,38,233,122,265,248,163,59,477,490,404,169,392,239,319,320,302,52,380,386,268,51,269
559,105,401,127,118,224,306,369,294,23,351,146,511,192,110,413,369,473,309,114,423,95,488,118,106,195,315,383,229,26,358
560,253,450,316,315,317,347,207,300,65,241,312,392,348,308,349,342,208,408,304,454,232,445,293,291,160,279,152,254,48,323
561,83,468,82,94,25,10,0,0,0,45,252,517,210,222,378,49,0,0,281,67,70,495,70,81,13,12,0,0,1,8
562,305,472,392,383,370,508,514,469,372,438,186,297,274,216,92,486,497,405,319,485,304,506,396,376,270,523,537,463,473,529
563,432,425,505,515,404,517,524,527,376,405,511,232,522,501,277,469,503,491,300,490,411,371,493,501,261,455,506,476,287,443
564,438,370,503,522,410,364,509,522,173,74,529,314,514,518,489,362,453,483,17,383,426,293,480,518,263,255,423,453,21,133
565,413,463,483,499,295,312,415,483,187,54,487,500,480,483,213,314,377,420,250,179,401,494,459,493,116,218,350,364,152,63
566,340,458,410,421,115,308,329,335,94,82,387,257,398,397,232,437,428,390,56,349,328,460,390,413,106,371,366,317,40,244
567,429,467,500,501,442,530,530,531,413,424,476,415,491,464,290,513,495,415,358,487,431,500,497,502,367,525,534,482,472,514
568,3,414,1,3,0,37,0,0,91,148,330,366,301,152,345,4,0,0,406,222,8,387,7,7,10,17,0,0,272,121
